banner_id,banner_type,4star_pity1,4star_pity2,4star_pity3,4star_pity4,4star_pity5,4star_pity6,4star_pity7,4star_pity8,4star_pity9,4star_pity10,5star_pity1,5star_pity2,5star_pity3,5star_pity4,5star_pity5,5star_pity6,5star_pity7,5star_pity8,5star_pity9,5star_pity10,5star_pity11,5star_pity12,5star_pity13,5star_pity14,5star_pity15,5star_pity16,5star_pity17,5star_pity18,5star_pity19,5star_pity20,5star_pity21,5star_pity22,5star_pity23,5star_pity24,5star_pity25,5star_pity26,5star_pity27,5star_pity28,5star_pity29,5star_pity30,5star_pity31,5star_pity32,5star_pity33,5star_pity34,5star_pity35,5star_pity36,5star_pity37,5star_pity38,5star_pity39,5star_pity40,5star_pity41,5star_pity42,5star_pity43,5star_pity44,5star_pity45,5star_pity46,5star_pity47,5star_pity48,5star_pity49,5star_pity50,5star_pity51,5star_pity52,5star_pity53,5star_pity54,5star_pity55,5star_pity56,5star_pity57,5star_pity58,5star_pity59,5star_pity60,5star_pity61,5star_pity62,5star_pity63,5star_pity64,5star_pity65,5star_pity66,5star_pity67,5star_pity68,5star_pity69,5star_pity70,5star_pity71,5star_pity72,5star_pity73,5star_pity74,5star_pity75,5star_pity76,5star_pity77,5star_pity78,5star_pity79,5star_pity80,5star_pity81,5star_pity82,5star_pity83,5star_pity84,5star_pity85,5star_pity86,5star_pity87,5star_pity88,5star_pity89,5star_pity90
200001,standard,2835598,2678706,2531027,2379882,2241850,2115668,1991758,1881435,17361154,13276597,66110,66559,66758,66520,65796,65501,65110,64328,63880,63376,63120,62387,61626,61385,61078,60119,59989,59120,59083,58445,57108,57049,55962,55579,55431,55045,54898,54130,53148,52844,51761,51276,50987,50703,50583,49667,49067,48921,48103,47257,46538,46262,44981,45326,45273,44301,44163,43132,42750,42132,41315,41042,40547,40591,40395,39574,39568,38958,37662,37718,36448,36159,36224,36556,36250,36528,36208,36426,35667,34712,33822,33309,33077,157104,258830,323804,342134,316355,260293,190652,123723,71194,35997,15900,5833,2084,781,465,412,315
300009,character_event,14940,12597,11851,10965,10419,9728,9078,8437,71084,53083,212,202,191,177,180,223,190,181,193,157,168,170,168,154,141,171,144,139,143,159,142,163,140,154,209,131,149,137,130,142,143,126,148,122,124,125,128,145,134,118,129,128,158,139,131,130,123,110,139,110,143,133,126,137,139,119,129,114,125,128,112,122,91,122,104,127,148,95,123,109,112,114,99,1186,2123,2800,2954,2770,2329,1626,1109.0,666.0,316.0,143.0,52.0,10.0,4.0,2.0,3.0,2.0
300010,character_event,26076,22891,21710,20841,19307,18211,17069,16026,150032,113799,338,349,390,370,370,351,363,363,322,330,352,312,332,303,323,313,306,299,291,319,308,262,273,289,311,271,316,271,274,296,281,288,312,269,303,248,268,304,272,279,291,265,229,265,296,259,279,264,238,228,224,254,245,225,206,252,224,242,206,227,226,240,208,242,221,205,212,234,199,206,221,208,205,2079,3728,4802,5173,5002,4016,2969,2049.0,1177.0,576.0,239.0,92.0,27.0,7.0,1.0,0.0,1.0
300011,character_event,39039,36143,34293,32290,30613,28913,27629,26005,262330,201915,618,588,578,665,557,569,580,636,606,572,556,585,621,587,576,517,561,551,547,546,511,532,507,511,541,494,535,494,527,470,478,457,424,463,451,482,441,509,448,445,412,444,384,401,434,370,396,397,400,431,396,392,374,368,384,387,339,333,365,302,357,344,339,299,331,318,327,278,287,285,284,305,259,2830,5016,6208,6727,6354,5198,3882,2585.0,1469.0,743.0,324.0,122.0,30.0,11.0,5.0,2.0,1.0
300012,character_event,66800,62712,59501,56005,53668,51026,47951,45658,473462,364824,1042,1045,982,1042,1041,1038,951,967,966,999,919,965,900,913,939,921,845,930,965,862,909,875,909,861,868,917,916,855,843,827,850,872,841,830,860,813,832,794,840,818,844,779,790,838,790,762,783,759,748,736,729,754,717,696,750,759,764,720,681,658,697,657,727,749,695,682,648,648,581,625,623,615,649,6137,10845,14233,15269,14402,12113,8864,5906.0,3507.0,1664.0,774.0,306.0,81.0,15.0,7.0,8.0,3.0
300013,character_event,68666,65022,61981,58147,55082,51852,49390,46426,483472,373681,1141,1136,1089,1124,1094,1031,1022,1047,1100,1067,1041,1002,992,1002,993,968,929,980,930,955,987,854,955,937,1010,934,884,890,863,899,893,886,930,846,813,889,827,829,894,803,798,865,799,774,912,812,883,798,794,772,769,848,725,720,790,737,743,733,742,726,671,716,675,669,706,695,707,711,663,674,627,647,662,6445,11225,14908,15798,15048,12384,9324,6301.0,3542.0,1784.0,793.0,283.0,95.0,39.0,10.0,6.0,6.0
300014,character_event,71933,68486,64739,61660,58240,55271,52393,49731,510903,394593,1165,1182,1198,1052,1162,1134,1150,1113,1129,1109,1087,1073,1102,1105,1020,1077,1016,1039,960,1023,1030,1056,981,1037,1015,1021,1023,949,1000,868,937,988,928,959,899,917,957,926,909,865,868,816,923,885,889,849,817,844,873,850,798,799,762,763,773,737,761,845,778,740,727,740,685,729,694,659,717,680,696,675,656,673,661,6132,10986,13768,14797,13955,11529,8456,5662.0,3246.0,1615.0,712.0,269.0,69.0,31.0,9.0,7.0,8.0
300015,character_event,148326,140906,134149,126576,120214,114214,108382,103275,1061737,821965,2286,2497,2420,2443,2448,2339,2343,2330,2291,2292,2240,2218,2141,2201,2159,2214,2105,2093,1956,2136,2157,1968,2017,2042,1985,2023,1995,1948,1858,1934,1925,1946,1927,1807,1841,1834,1901,1783,1875,1749,1782,1783,1728,1748,1688,1789,1726,1617,1697,1719,1637,1537,1639,1592,1629,1586,1591,1593,1562,1604,1537,1567,1456,1479,1523,1479,1546,1440,1461,1491,1448,1447,1367,13866,24814,31695,34173,31787,26891,19566,12934.0,7456.0,3880.0,1705.0,581.0,223.0,77.0,38.0,27.0,14.0
300016,character_event,174867,164739,157877,149275,141152,134219,127339,120602,1243863,960924,2907,2685,2681,2681,2662,2656,2645,2617,2554,2556,2500,2558,2443,2522,2493,2370,2405,2401,2416,2440,2322,2359,2320,2326,2318,2369,2236,2249,2335,2225,2283,2198,2076,2263,2258,2284,2190,2297,2266,2131,2187,2112,2098,2159,2212,2012,2089,2124,1991,2106,2137,2055,2068,1967,2019,1999,2062,2029,1988,1994,1910,1856,1927,1851,1905,1950,1937,1897,1815,1866,1811,1907,1815,17131,30529,39505,42093,39502,33130,24136,16327.0,9252.0,4788.0,2057.0,806.0,269.0,70.0,35.0,22.0,28.0
300017,character_event,129145,121607,115162,109531,104357,99232,93664,89844,933000,725944,2047,2186,2043,2149,2212,2143,2104,2197,2124,2250,2141,2134,2165,2191,2175,2020,2142,1980,2005,2042,1943,1974,1955,1961,2001,1963,1879,1910,1803,1745,1786,1803,1694,1723,1762,1647,1624,1686,1586,1613,1602,1564,1534,1528,1602,1498,1497,1448,1398,1466,1329,1343,1343,1298,1310,1391,1316,1253,1267,1260,1276,1199,1187,1169,1151,1135,1215,1094,1149,1077,1005,977,1023,9482,16456,20813,22806,20774,17405,12674,8246.0,4839.0,2354.0,1070.0,375.0,103.0,39.0,14.0,10.0,10.0
300018,character_event,323202,307243,290366,275122,260064,246837,233971,221110,2287109,1761548,5388,5269,5253,5150,5065,5051,5065,4977,4895,4930,4808,4832,4643,4697,4649,4666,4566,4488,4383,4397,4414,4388,4283,4376,4447,4154,4185,4205,4214,4084,4082,4126,4265,4204,4141,4022,3997,4194,3988,4015,3969,3875,3958,3909,3971,4001,3853,3869,3791,3743,3922,3678,3759,3794,3844,3625,3737,3825,3771,3676,3693,3635,3655,3832,3750,3620,3714,3632,3808,3603,3569,3699,3526,33479,59208,76218,81817,77077,63981,47287,31285.0,17998.0,9024.0,4088.0,1506.0,464.0,124.0,33.0,15.0,17.0
300019,character_event,165232,156363,148424,140624,132961,126667,120307,113547,1178764,913863,2670,2646,2771,2608,2635,2691,2672,2820,2746,2807,2833,2785,2776,2670,2766,2729,2705,2668,2619,2622,2668,2595,2642,2595,2580,2505,2569,2473,2601,2434,2482,2375,2390,2415,2315,2359,2320,2336,2278,2206,2337,2208,2221,2198,2189,2066,2165,2103,2016,1985,1981,1990,1883,1896,1980,1840,1909,1837,1736,1864,1740,1775,1703,1669,1672,1657,1692,1636,1598,1594,1541,1517,1463,12293,21035,26783,28363,26241,21550,15941,10299.0,5853.0,2928.0,1257.0,467.0,152.0,44.0,4.0,1.0,4.0
300020,character_event,154808,147510,138388,130595,124820,118165,112136,106251,1094525,843429,2504,2585,2448,2444,2486,2446,2344,2309,2290,2293,2279,2243,2178,2274,2191,2149,2135,2178,2023,2199,2041,2115,2166,2122,2052,2096,2035,2033,2176,1983,2169,1989,2013,1988,1958,2104,2061,2059,1995,1958,1960,1983,1997,1972,1909,2013,1958,1968,1927,1954,1902,1879,1892,1915,1781,1894,1863,1949,1885,1886,1877,1827,1969,1882,1830,1842,1913,1903,1855,1921,1844,1786,1841,15451,27496,34774,37288,35240,28963,21244,14069.0,8069.0,4125.0,1756.0,678.0,172.0,37.0,11.0,4.0,1.0
300021,character_event,330818,313569,297172,282357,267673,253043,241900,228628,2357852,1822972,5442,5638,5626,5436,5386,5406,5352,5365,5181,5294,5258,5183,5119,5212,5075,4934,5086,4823,4976,4821,4811,4867,4766,4747,4699,4819,4592,4572,4498,4485,4508,4409,4365,4400,4361,4292,4226,4266,4305,4027,4150,4242,4122,4124,4147,4090,3972,4080,3987,4001,3848,4049,3852,3980,4148,3927,4032,3949,3957,3894,3885,3860,3859,3919,3992,3986,3975,3889,3896,3953,3914,4014,3962,32896,56986,73595,78912,73666,61068,45070,29819.0,16918.0,8558.0,3830.0,1316.0,372.0,115.0,23.0,7.0,3.0
300022,character_event,245423,232879,219349,209399,198585,186952,178147,168596,1734554,1338361,3902,3967,3982,4038,3833,3939,3859,3804,3969,3977,3735,3856,3814,3882,3782,3795,3755,3709,3754,3696,3567,3653,3771,3633,3653,3624,3635,3586,3587,3457,3524,3542,3469,3256,3354,3377,3285,3433,3293,3366,3219,3226,3192,3222,3188,3095,3124,3147,3038,2973,3089,2912,2965,2839,2899,2969,2893,2916,2864,2766,2736,2819,2709,2803,2680,2709,2710,2893,2771,2610,2705,2663,2694,21981,38722,49118,52635,49568,40496,29560,19388.0,11259.0,5772.0,2417.0,919.0,245.0,59.0,20.0,5.0,5.0
300023,character_event,168897,159533,152090,144148,136346,130440,122728,117331,1204588,938147,2781,2870,2881,2799,2813,2967,2944,2933,2932,2784,2907,2803,2834,2781,2770,2814,2777,2731,2717,2738,2677,2653,2587,2533,2655,2566,2560,2448,2478,2460,2327,2333,2323,2344,2274,2362,2394,2338,2262,2229,2214,2259,2156,2150,2184,2180,2181,2188,2081,2080,2013,1962,2002,2070,1982,1915,1920,1971,1955,1941,1867,1798,1857,1821,1819,1860,1872,1785,1784,1726,1802,1751,1788,13810,23513,29957,31917,29353,24455,17911,11751.0,6823.0,3386.0,1475.0,545.0,190.0,36.0,11.0,4.0,4.0
300024,character_event,249122,236928,223617,212884,201081,190751,181205,170973,1751695,1350343,4363,4263,4252,4196,4154,4123,4070,3947,3977,3977,4054,3852,3872,3830,3844,3821,3787,3750,3669,3773,3835,3713,3641,3740,3777,3722,3646,3572,3642,3510,3677,3496,3537,3552,3554,3489,3402,3498,3381,3437,3383,3400,3400,3275,3330,3464,3290,3341,3238,3271,3329,3246,3213,3231,3262,3157,3188,3205,3151,3217,3143,3008,3057,3154,3176,3155,3204,3211,3273,3125,3072,3224,3298,23788,41880,53048,57504,53549,44275,32492,21363.0,12287.0,6211.0,2675.0,959.0,307.0,76.0,20.0,7.0,14.0
300025,character_event,376236,354861,337440,321137,303636,287412,272530,260319,2657216,2050047,6332,6418,6399,6251,6361,6258,6268,6239,6141,5951,6231,5984,5897,5742,5842,5808,5936,5827,5713,5678,5603,5520,5621,5518,5504,5488,5556,5431,5427,5289,5377,5356,5245,5225,5228,5079,5154,5165,5107,5039,4884,4829,4774,4965,5002,4953,4933,4810,4802,4788,4768,4727,4647,4547,4598,4554,4661,4647,4491,4537,4533,4517,4397,4438,4375,4641,4613,4404,4539,4466,4402,4383,4587,36479,62922,81115,86166,80721,66878,49730,32243.0,18697.0,9396.0,4252.0,1471.0,448.0,111.0,43.0,11.0,20.0
300026,character_event,198051,187687,178060,169559,160062,152487,145277,137031,1412529,1092348,3350,3328,3299,3294,3294,3280,3189,3287,3236,3070,3154,3199,3097,3096,3121,3034,2964,3054,3035,2998,2940,2958,2924,2933,2838,2863,2923,2874,2796,2771,2861,2789,2852,2804,2717,2682,2760,2701,2639,2665,2532,2693,2582,2637,2587,2520,2579,2537,2566,2438,2478,2507,2464,2378,2436,2424,2369,2367,2454,2314,2298,2253,2314,2357,2382,2319,2342,2368,2346,2318,2313,2283,2333,18097,31357,40466,43556,40808,33515,24764,16031.0,9442.0,4660.0,2009.0,748.0,246.0,66.0,15.0,13.0,15.0
300027,character_event,205156,194490,184664,174723,165811,157502,148836,141608,1454794,1124836,3542,3603,3583,3364,3515,3433,3448,3284,3365,3222,3366,3325,3337,3256,3215,3140,3134,3196,3179,3142,3203,3026,3092,3057,2936,2945,2956,2943,2959,3030,2888,2892,2917,2927,2751,2764,2770,2736,2825,2714,2721,2627,2664,2626,2602,2617,2561,2688,2458,2565,2582,2413,2511,2562,2413,2442,2475,2494,2359,2479,2338,2352,2343,2329,2265,2296,2316,2372,2321,2335,2334,2381,2384,18975,32630,42141,45281,42172,35140,25473,16842.0,9761.0,4841.0,2132.0,794.0,246.0,63.0,24.0,10.0,8.0
300028,character_event,259841,246498,234018,222326,209822,198930,189349,180165,1848550,1425638,4172,4264,4228,4251,4114,4361,4260,4124,4162,4093,4029,4079,4071,3935,4007,3821,3749,3946,3773,3834,3786,3698,3682,3739,3701,3681,3632,3790,3569,3617,3577,3606,3544,3475,3489,3490,3639,3559,3479,3389,3433,3323,3444,3366,3373,3295,3401,3213,3275,3261,3234,3245,3379,3275,3249,3144,3090,3231,3071,3057,3040,3022,3050,3077,3037,3161,2976,3062,3073,3076,3028,3133,3115,24979,44249,56818,60996,56734,47223,35128,23040.0,13336.0,6665.0,2908.0,1098.0,337.0,94.0,23.0,22.0,12.0
300029,character_event,190850,179477,170642,162177,153827,145979,137797,131289,1352212,1042750,3240,3191,3160,3128,3107,3094,3084,3000,3074,3039,3097,2985,2911,2952,2862,2866,2892,2826,2829,2920,2757,2761,2806,2722,2738,2754,2734,2655,2691,2765,2653,2687,2660,2494,2494,2615,2624,2483,2581,2490,2402,2432,2462,2443,2459,2418,2392,2367,2338,2331,2281,2302,2270,2199,2344,2298,2201,2277,2288,2197,2200,2207,2189,2212,2147,2260,2178,2206,2153,2149,2138,2133,2112,18105,31459,40463,43351,40635,33374,24792,16302.0,9219.0,4720.0,2088.0,712.0,233.0,65.0,14.0,10.0,14.0
300030,character_event,211741,200755,189885,181146,171593,162325,153475,145010,1498517,1155572,3591,3570,3615,3487,3524,3557,3388,3307,3341,3181,3176,3320,3323,3124,3185,3224,3163,3130,3071,3099,3121,3079,2999,3115,2983,2870,3037,2906,2819,2856,2850,2852,2838,2796,2819,2811,2846,2703,2794,2714,2717,2667,2717,2657,2685,2612,2665,2596,2648,2472,2542,2505,2460,2458,2525,2455,2518,2485,2421,2362,2439,2421,2304,2423,2351,2438,2452,2471,2464,2511,2485,2482,2374,21540,37184,47858,51280,48060,39775,29312,19402.0,11104.0,5668.0,2429.0,908.0,290.0,79.0,24.0,14.0,20.0
300031,character_event,85256,80503,76343,72955,69418,66355,62658,60190,627256,493325,1346,1395,1475,1516,1485,1572,1600,1578,1629,1624,1643,1647,1621,1634,1481,1588,1512,1464,1584,1501,1480,1398,1408,1427,1386,1363,1305,1306,1211,1338,1281,1224,1247,1190,1148,1173,1085,1184,1094,1126,1045,1025,1091,1084,982,974,932,955,907,902,896,886,886,868,740,817,789,808,779,754,732,739,727,702,681,657,648,739,655,654,643,587,577,4819,8399,10520,11240,10103,8463,6157,3972.0,2269.0,1178.0,485.0,163.0,64.0,23.0,2.0,7.0,2.0
300032,character_event,263528,250479,238363,224156,213219,202840,191585,181587,1869086,1441699,4471,4572,4347,4377,4287,4207,4236,4244,4192,4111,4024,3932,4075,3921,3902,3917,3810,3870,3811,3723,3822,3778,3732,3675,3634,3795,3659,3644,3534,3572,3621,3531,3520,3566,3505,3571,3540,3423,3465,3393,3347,3331,3342,3439,3365,3294,3321,3340,3257,3352,3207,3238,3224,3151,3206,3203,3251,3102,3062,3173,3114,3045,2986,3057,3093,3128,3192,3231,3266,3181,3154,3258,3180,26891,47407,60539,65318,61242,50804,37347,24519.0,14252.0,7192.0,3139.0,1214.0,362.0,99.0,29.0,22.0,19.0
300033,character_event,83674,78822,75424,71093,68245,64062,60764,57345,596975,461895,1338,1369,1440,1391,1342,1409,1385,1368,1388,1341,1362,1439,1403,1287,1293,1302,1354,1278,1278,1321,1241,1326,1208,1238,1245,1230,1140,1265,1229,1162,1235,1162,1251,1114,1158,1156,1099,1145,1081,1082,1065,1089,1104,1005,1026,1057,1061,994,1020,1024,987,956,946,921,952,884,956,935,897,896,837,836,838,872,852,830,796,854,818,777,818,811,827,7211,12794,16167,17456,16465,13242,9887,6546.0,3777.0,1914.0,823.0,314.0,102.0,29.0,9.0,8.0,6.0
300034,character_event,123384,116351,111554,105552,99986,94527,89933,85107,876264,675983,2056,2027,2048,1980,1926,1918,2027,1954,1986,1963,1789,1861,1883,1812,1794,1802,1867,1723,1762,1864,1838,1761,1728,1737,1798,1697,1717,1602,1717,1667,1720,1648,1702,1669,1674,1595,1664,1626,1578,1573,1548,1603,1517,1561,1536,1472,1527,1575,1470,1475,1461,1519,1483,1411,1426,1408,1441,1364,1395,1391,1391,1360,1335,1385,1414,1395,1406,1373,1371,1374,1401,1402,1415,12196,20952,27005,29054,27485,22536,16638,10888.0,6221.0,3143.0,1423.0,502.0,144.0,42.0,7.0,7.0,10.0
300035,character_event,100849,96271,90360,86153,81544,77296,73301,69958,724879,562669,1716,1681,1683,1635,1665,1755,1621,1673,1709,1568,1603,1626,1620,1597,1653,1605,1470,1536,1520,1540,1472,1438,1505,1425,1480,1450,1393,1404,1390,1339,1399,1324,1366,1305,1342,1277,1299,1327,1267,1337,1250,1209,1326,1217,1228,1228,1220,1212,1202,1186,1156,1212,1104,1117,1162,1181,1116,1103,1086,1078,1086,1035,1070,1141,1072,1015,1066,1047,1132,1031,1034,1013,1074,9152,16146,20569,22054,20728,17181,12582,8238.0,4820.0,2372.0,1036.0,399.0,115.0,45.0,7.0,5.0,4.0
300036,character_event,132111,125537,118633,112780,107357,101470,96808,91594,947208,733104,2051,2083,2140,1996,2117,2089,1989,2000,2007,2011,2054,2021,1930,2004,2023,1949,1907,1967,1873,1880,1932,1868,1936,1917,1944,1860,1838,1873,1872,1805,1774,1828,1837,1767,1812,1778,1774,1720,1686,1713,1759,1710,1676,1701,1647,1639,1615,1646,1654,1642,1676,1611,1562,1518,1558,1603,1490,1573,1532,1415,1537,1465,1460,1492,1430,1493,1452,1418,1454,1435,1356,1406,1371,12641,21783,28303,30070,28144,23355,17477,11268.0,6533.0,3307.0,1411.0,536.0,169.0,36.0,10.0,5.0,5.0
300037,character_event,107424,102359,97182,91493,86785,82384,77967,73835,758308,585690,1730,1759,1700,1679,1722,1751,1680,1616,1632,1679,1578,1585,1624,1566,1659,1546,1579,1542,1543,1546,1611,1535,1579,1512,1492,1523,1512,1437,1416,1480,1473,1439,1424,1446,1414,1380,1356,1397,1425,1358,1417,1352,1351,1404,1366,1323,1420,1361,1347,1293,1379,1270,1334,1301,1276,1296,1368,1306,1210,1228,1311,1204,1227,1249,1211,1213,1299,1292,1275,1332,1255,1329,1311,11013,19150,24435,26871,24779,20691,15371,10006.0,5869.0,2862.0,1207.0,459.0,152.0,34.0,16.0,13.0,10.0
300038,character_event,209586,199358,188917,179148,169004,161042,152831,144217,1495316,1151170,3589,3383,3395,3356,3386,3353,3148,3214,3134,3038,3077,3083,3099,3111,3126,3022,2980,3002,3017,2887,2826,2786,2819,2890,2815,2844,2825,2774,2734,2719,2821,2731,2736,2702,2702,2695,2668,2707,2612,2641,2635,2638,2640,2626,2616,2521,2545,2586,2459,2463,2554,2560,2491,2504,2518,2460,2446,2453,2467,2459,2439,2422,2474,2473,2417,2435,2532,2505,2562,2379,2554,2465,2545,22626,40088,51470,55093,52090,43353,32154,21198.0,12213.0,6123.0,2654.0,993.0,319.0,58.0,35.0,13.0,21.0
300039,character_event,110844,105692,99696,94192,90219,86173,81776,77613,808055,630781,1646,1814,1799,1910,1826,1902,1981,1964,1930,1950,1922,1896,1881,1826,1838,1853,1855,1866,1838,1777,1824,1702,1793,1747,1643,1640,1624,1699,1624,1533,1559,1603,1583,1485,1506,1485,1488,1496,1457,1369,1411,1415,1314,1341,1316,1289,1263,1229,1274,1231,1149,1231,1178,1185,1176,1168,1156,1080,1036,1045,1057,1023,1023,1078,1040,989,1000,993,998,942,932,916,930,8341,14314,18561,19547,18290,15071,10982,7232.0,4180.0,2032.0,863.0,337.0,92.0,25.0,12.0,1.0,4.0
300040,character_event,177274,168288,159975,151549,142903,136480,128959,121839,1268450,975518,2752,2933,2782,2838,2814,2813,2726,2677,2744,2744,2660,2681,2703,2733,2691,2742,2768,2492,2571,2540,2471,2532,2578,2548,2364,2470,2419,2532,2448,2366,2358,2418,2402,2435,2364,2334,2287,2303,2278,2258,2263,2162,2350,2223,2084,2161,2257,2236,2201,2171,2197,2102,2122,2093,2002,2006,1990,2027,2036,2032,2051,1966,1933,1854,1941,1913,1802,1863,1927,1938,1902,1892,1830,16878,29531,37953,40816,37859,31611,23573,15232.0,8685.0,4466.0,1875.0,701.0,193.0,46.0,16.0,9.0,12.0
300041,character_event,149122,141922,135093,127696,120547,114516,108143,103005,1059994,817785,2605,2566,2476,2564,2437,2432,2359,2331,2347,2343,2330,2290,2262,2283,2125,2232,2269,2122,2246,2239,2185,2101,2069,2074,2010,2073,2044,2038,2014,1991,1990,1973,1928,1992,1929,1899,1981,1920,1876,1908,1936,1884,1867,1942,1860,1790,1766,1823,1790,1720,1797,1764,1654,1724,1815,1693,1768,1718,1678,1692,1733,1656,1676,1756,1659,1777,1672,1663,1681,1653,1649,1667,1688,15312,27084,34877,37594,34953,29001,21445,14299.0,8127.0,4146.0,1777.0,656.0,207.0,46.0,19.0,6.0,5.0
300042,character_event,124292,117716,111506,105821,100413,95010,90775,86016,888540,688299,1962,1944,1962,1970,1945,1971,1856,1905,1897,1871,1935,1881,1802,1811,1877,1795,1805,1738,1774,1808,1776,1823,1805,1741,1713,1785,1699,1687,1737,1749,1632,1701,1604,1626,1572,1617,1602,1689,1672,1576,1518,1623,1566,1616,1635,1559,1510,1505,1511,1502,1456,1463,1465,1453,1460,1427,1389,1412,1401,1410,1382,1315,1371,1315,1368,1407,1289,1307,1301,1264,1326,1298,1252,11771,20535,26519,28129,26376,21959,16255,10459.0,6024.0,3058.0,1405.0,455.0,171.0,48.0,6.0,9.0,4.0
300043,character_event,183418,173579,164421,155346,147540,139814,133145,126237,1300183,999846,3040,3239,3027,3066,2977,3005,2835,2852,2853,2854,2757,2737,2661,2678,2681,2728,2610,2615,2504,2550,2563,2445,2527,2508,2501,2530,2447,2416,2333,2439,2424,2453,2337,2317,2304,2350,2330,2293,2306,2200,2251,2216,2238,2171,2194,2216,2160,2177,2153,2173,2247,2086,2113,2152,2190,2106,2151,2077,2101,2106,2075,2043,1990,2039,2137,2040,2000,2027,2035,2126,2117,2007,2116,19727,34256,44484,47623,44832,37149,27181,18279.0,10431.0,5393.0,2337.0,878.0,260.0,54.0,25.0,7.0,7.0
300044,character_event,66325,63026,59923,56837,54120,51074,48461,46276,478132,369445,1043,1023,1068,1074,1115,1079,985,1050,1063,1103,1058,1028,1021,1043,1033,1027,1026,1019,1015,995,1056,1026,1004,938,966,967,904,956,938,991,933,966,851,914,906,912,883,856,876,885,908,800,823,811,885,811,792,791,792,729,789,776,731,766,721,753,706,766,698,694,673,656,659,670,731,616,646,671,659,647,623,636,610,5497,9582,11999,12867,12060,9881,7107,4758.0,2662.0,1378.0,608.0,222.0,62.0,23.0,7.0,5.0,2.0
300045,character_event,123471,116846,111387,105531,100489,95329,90524,85717,886793,685774,1992,2072,2175,1925,2063,2007,1994,1994,1979,1816,1916,1871,1893,1840,1867,1882,1874,1774,1836,1785,1796,1775,1761,1769,1701,1705,1741,1619,1665,1735,1636,1627,1616,1658,1621,1560,1668,1594,1525,1544,1521,1544,1546,1566,1498,1520,1516,1470,1413,1443,1404,1434,1425,1380,1492,1417,1412,1403,1388,1365,1355,1321,1354,1352,1342,1302,1299,1349,1365,1302,1409,1359,1352,12185,21345,27137,29397,27533,22782,16818,11061.0,6464.0,3123.0,1440.0,540.0,190.0,37.0,13.0,12.0,4.0
300046,character_event,111579,105170,99698,95249,90001,85499,80335,76483,791398,612185,1772,1847,1835,1769,1821,1756,1756,1741,1776,1696,1711,1700,1700,1728,1672,1694,1607,1592,1664,1658,1629,1602,1644,1555,1587,1587,1519,1556,1493,1623,1509,1502,1482,1482,1467,1463,1469,1434,1431,1309,1406,1361,1348,1403,1391,1381,1325,1347,1399,1332,1291,1296,1311,1309,1362,1276,1266,1298,1306,1277,1309,1211,1291,1247,1258,1292,1218,1276,1257,1277,1252,1248,1284,11003,19480,25100,26854,25020,20778,15318,10101.0,5903.0,2995.0,1284.0,432.0,141.0,44.0,14.0,12.0,6.0
300047,character_event,84789,79893,75528,71702,68705,64870,61585,58220,603153,468628,1434,1412,1470,1421,1472,1501,1451,1433,1363,1418,1357,1447,1339,1356,1346,1319,1402,1254,1280,1302,1320,1283,1297,1283,1186,1227,1152,1187,1159,1224,1182,1217,1136,1140,1131,1088,1107,1128,1149,1093,1015,1091,1063,1006,1054,1083,1014,959,1038,959,996,971,975,963,936,956,908,897,968,880,926,866,823,842,919,872,872,900,882,851,880,832,900,7302,12794,16251,17349,16401,13492,9943,6613.0,3699.0,1906.0,847.0,298.0,90.0,33.0,11.0,10.0,5.0
300048,character_event,70170,65947,62665,59681,56849,53430,51617,48373,500018,387519,1114,1122,1096,1158,1120,1106,1091,1119,1079,1123,1142,1133,1094,1115,1127,1109,1074,1036,1117,1098,1047,1000,1074,1042,1074,1079,1128,1035,1043,1008,972,1014,980,1018,987,949,920,948,924,938,905,910,901,898,943,882,892,875,842,841,875,835,801,874,804,793,821,789,780,748,729,784,776,752,733,745,758,732,715,748,734,715,721,5840,9964,12855,13587,12333,10173,7861,4935.0,2814.0,1375.0,610.0,231.0,75.0,22.0,5.0,6.0,6.0
300049,character_event,95246,89252,84543,80749,75967,72283,68188,64628,663402,511436,1638,1657,1637,1678,1618,1578,1569,1502,1422,1520,1450,1392,1466,1424,1417,1449,1424,1360,1452,1352,1364,1350,1368,1338,1372,1329,1323,1331,1344,1323,1296,1265,1214,1229,1252,1246,1210,1264,1270,1170,1206,1199,1170,1256,1298,1234,1220,1264,1222,1207,1195,1201,1155,1169,1226,1171,1181,1265,1220,1222,1197,1181,1143,1219,1179,1166,1189,1280,1277,1264,1284,1292,1208,9952,17782,22552,24800,22972,19241,14256,9246.0,5359.0,2794.0,1170.0,439.0,143.0,39.0,24.0,18.0,12.0
300050,character_event,52802,49407,47312,44519,42606,40446,38291,36001,367600,283646,822,820,928,938,873,892,816,920,867,869,873,851,882,868,820,854,882,847,802,847,786,783,787,833,763,903,769,805,781,813,801,738,724,783,782,723,709,740,696,716,685,695,683,689,707,649,709,698,618,656,649,679,675,596,645,613,675,612,565,558,627,584,576,600,579,581,602,609,592,596,634,608,561,4592,7826,9978,10522,9830,8265,5897,3942.0,2271.0,1123.0,505.0,164.0,60.0,30.0,16.0,5.0,10.0
300051,character_event,93289,88594,84169,80015,75562,71171,67854,64331,660364,510762,1498,1537,1507,1500,1550,1484,1458,1423,1376,1475,1446,1360,1412,1446,1453,1429,1413,1356,1369,1327,1400,1348,1388,1320,1419,1410,1353,1297,1316,1272,1302,1309,1333,1296,1268,1310,1305,1271,1293,1286,1318,1210,1187,1311,1239,1215,1204,1211,1177,1203,1169,1130,1175,1133,1086,1192,1173,1148,1139,1129,1072,1085,1064,1113,1119,1151,1094,1168,1116,1144,1076,1156,1069,8834,15456,19312,20890,19410,16166,12172,7811.0,4556.0,2388.0,1009.0,356.0,129.0,38.0,23.0,9.0,8.0
300052,character_event,110690,104069,98954,93481,89471,84320,80294,75869,775937,598659,1828,1833,1878,1845,1769,1809,1739,1767,1831,1716,1690,1732,1710,1787,1706,1710,1722,1725,1634,1636,1678,1593,1579,1555,1588,1635,1513,1637,1621,1591,1666,1548,1529,1536,1539,1581,1550,1467,1546,1516,1523,1510,1515,1408,1456,1480,1442,1455,1456,1380,1402,1378,1389,1376,1342,1394,1409,1395,1363,1343,1327,1289,1339,1291,1299,1293,1323,1402,1393,1307,1310,1299,1365,10390,17852,23151,24518,23111,19147,14006,9257.0,5367.0,2677.0,1208.0,415.0,149.0,58.0,20.0,17.0,16.0
300053,character_event,75350,71640,67339,63863,61068,58376,55219,52247,533819,415085,1239,1297,1298,1262,1260,1260,1261,1252,1223,1232,1193,1194,1344,1219,1241,1175,1157,1232,1194,1116,1162,1082,1132,1105,1109,1103,1116,1082,1054,1089,987,1099,1049,1080,991,1030,1056,975,995,910,1002,1011,995,964,946,952,928,966,955,932,954,893,886,959,910,891,886,856,885,884,910,875,837,871,865,859,866,854,849,877,878,832,872,6718,11845,14919,16057,14996,12253,9181,5862.0,3469.0,1682.0,751.0,308.0,99.0,27.0,12.0,6.0,10.0
300054,character_event,173580,163450,154909,147470,139321,132233,125322,119128,1223849,943019,2826,2823,2846,2786,2884,2625,2743,2702,2710,2624,2655,2664,2714,2618,2698,2595,2576,2553,2523,2552,2563,2493,2557,2494,2494,2524,2537,2450,2499,2457,2484,2463,2458,2488,2428,2428,2371,2317,2268,2413,2284,2269,2277,2293,2344,2325,2277,2224,2267,2178,2270,2162,2222,2176,2246,2178,2163,2122,2201,2165,2117,2072,2088,2197,2024,2150,2102,2199,2100,2142,2080,2123,2204,17415,30050,38705,41410,39171,32374,23966,15649.0,9096.0,4639.0,1975.0,750.0,255.0,85.0,37.0,30.0,23.0
300055,character_event,78047,74717,69855,66482,63285,59938,56716,53353,553396,427521,1335,1364,1276,1309,1321,1349,1332,1327,1273,1263,1289,1327,1270,1258,1228,1178,1156,1199,1157,1177,1220,1178,1095,1206,1159,1083,1119,1136,1119,1075,1030,989,1018,1028,984,1049,998,1015,972,1019,956,942,935,928,945,922,881,913,909,853,907,877,923,874,884,860,927,861,824,814,803,862,816,840,803,808,825,798,837,815,787,835,834,7171,12733,16271,17176,16136,13338,9619,6555.0,3769.0,1792.0,833.0,304.0,101.0,25.0,15.0,6.0,12.0
300056,character_event,234437,222748,211092,201063,190165,180155,171331,162017,1681988,1298471,3862,3834,3995,3831,3926,3736,3703,3852,3760,3617,3577,3605,3563,3565,3516,3513,3403,3477,3423,3402,3405,3314,3304,3283,3289,3302,3211,3234,3136,3179,3121,3080,3137,3071,3049,3058,2992,3032,2927,2902,3022,2897,2883,2929,2850,2928,2793,2794,2835,2735,2852,2726,2707,2746,2517,2679,2717,2595,2776,2625,2660,2634,2555,2597,2610,2565,2597,2576,2627,2626,2569,2476,2617,23918,42164,54607,58421,54697,45599,33584,21986.0,12865.0,6469.0,2797.0,1069.0,345.0,96.0,28.0,23.0,12.0
300057,character_event,45104,42941,40473,38236,36323,34881,33184,31047,326677,253231,694,726,763,714,752,800,784,761,749,770,776,799,765,833,795,779,764,733,737,771,743,716,648,689,697,741,668,682,730,700,679,705,615,666,640,695,649,593,603,613,569,592,576,567,534,573,555,518,516,515,561,537,485,443,466,530,456,454,441,417,412,377,372,369,398,411,363,382,367,344,365,358,338,3161,5340,6761,7192,6591,5267,4002,2589.0,1453.0,767.0,289.0,127.0,43.0,15.0,5.0,3.0,1.0
300058,character_event,94968,90033,84909,81106,77237,73097,68779,65660,673084,518752,1569,1507,1521,1521,1512,1469,1423,1431,1442,1341,1308,1370,1329,1368,1347,1336,1285,1317,1244,1272,1316,1297,1311,1300,1285,1243,1232,1303,1216,1273,1213,1157,1215,1240,1195,1268,1161,1192,1172,1213,1186,1181,1153,1184,1164,1156,1130,1062,1161,1104,1135,1106,1161,1147,1117,1062,1158,1093,1093,1143,1087,1070,1112,1096,1124,1073,1108,996,1090,1024,1029,1064,1056,10195,18248,23110,25292,23890,19560,14399,9435.0,5434.0,2759.0,1256.0,446.0,142.0,38.0,9.0,7.0,6.0
300059,character_event,98029,93384,88569,84042,79346,75573,71458,68065,708543,549912,1585,1732,1653,1674,1660,1766,1678,1680,1716,1674,1677,1612,1660,1624,1564,1497,1620,1551,1476,1461,1511,1450,1432,1535,1492,1362,1422,1391,1394,1312,1371,1314,1337,1301,1296,1254,1216,1273,1208,1190,1205,1141,1149,1180,1135,1121,1099,1121,1092,1032,1099,1056,1064,1002,980,1024,996,1035,999,967,970,955,962,910,965,963,916,857,986,962,929,870,818,8566,15157,19510,20586,19270,16246,11613,7754.0,4505.0,2237.0,1021.0,382.0,99.0,25.0,4.0,3.0,3.0
300060,character_event,142342,134289,127612,121335,114456,108663,102917,98070,1018047,784118,2099,2152,2221,2231,2140,2150,2085,2132,2008,2050,2062,2042,2076,1984,1967,2040,2037,1972,1978,1987,1884,1948,1930,1898,1938,1988,1818,1783,1820,1838,1895,1839,1830,1887,1778,1814,1725,1753,1782,1685,1717,1629,1686,1705,1754,1700,1607,1608,1724,1627,1607,1633,1632,1606,1604,1602,1665,1565,1494,1529,1586,1526,1558,1495,1506,1507,1465,1511,1373,1467,1470,1380,1524,14422,25695,33219,35669,33134,27502,20235,13269.0,7823.0,3913.0,1784.0,637.0,209.0,52.0,21.0,7.0,7.0
300061,character_event,43077,41093,38572,36615,34652,32984,31065,29750,308850,238439,628,691,703,696,707,666,704,663,670,716,664,657,672,644,605,680,622,656,635,654,623,657,590,638,586,577,607,594,616,571,600,640,588,576,558,575,568,577,548,501,519,535,527,513,509,507,505,480,482,490,444,478,483,504,426,459,476,421,430,449,441,450,440,389,421,435,386,406,385,417,421,435,394,3909,7040,8976,9638,9000,7549,5438,3700.0,2065.0,994.0,447.0,188.0,60.0,22.0,5.0,2.0,1.0
300062,character_event,42157,39958,38258,35826,34467,32434,31009,28831,302955,235487,619,659,692,646,646,645,657,663,642,627,616,622,636,617,640,648,590,617,612,563,605,614,587,570,606,542,556,552,559,591,562,509,517,523,561,501,504,512,507,504,502,502,466,490,506,492,441,458,476,531,520,491,449,473,437,432,490,467,431,415,436,445,444,435,427,438,419,386,407,392,394,369,375,3958,7081,9192,9764,9375,7684,5638,3605.0,2129.0,1052.0,459.0,160.0,52.0,13.0,5.0,0.0,0.0
300063,character_event,85055,80829,76378,72578,68577,65091,61622,58120,605533,468045,1500,1447,1430,1405,1424,1351,1297,1343,1346,1310,1325,1283,1246,1303,1225,1194,1235,1159,1163,1195,1149,1188,1069,1164,1082,1169,1108,1140,1092,1106,1068,1074,1082,1074,1071,997,990,1007,1043,1038,1031,968,1030,1064,986,1009,999,1002,958,1005,964,930,945,893,918,974,897,927,930,872,875,898,917,912,853,891,895,856,863,814,884,921,913,8880,15908,20496,21773,20542,17084,12728,8465.0,4882.0,2500.0,979.0,375.0,121.0,36.0,5.0,3.0,0.0
300064,character_event,157076,149506,140575,133720,127126,120063,114569,108590,1122908,869905,2617,2625,2507,2589,2489,2453,2394,2418,2310,2366,2380,2344,2253,2316,2229,2269,2204,2221,2208,2137,2144,2130,2108,2121,2168,2163,2105,2050,2081,2023,2082,2037,2005,1960,2011,2043,2012,2033,1871,1911,1886,1907,1931,1815,1903,1880,1820,1853,1804,1810,1755,1793,1744,1717,1754,1789,1682,1760,1759,1688,1751,1642,1741,1700,1682,1727,1691,1640,1686,1630,1664,1681,1674,16587,29558,37929,40973,38615,32235,23642,15831.0,9106.0,4537.0,1956.0,737.0,221.0,63.0,20.0,2.0,6.0
300065,character_event,37196,35287,33621,31538,30096,28719,26928,25538,268036,208018,620,669,639,682,637,636,680,645,675,691,677,674,611,672,626,609,592,608,544,568,548,584,570,549,588,519,557,535,555,508,523,516,492,527,481,483,462,448,455,433,438,437,440,389,439,426,386,404,386,414,377,394,416,367,360,378,331,360,371,376,332,341,317,306,316,301,321,284,311,276,316,286,295,2880,4905,6358,6801,6184,5140,3793,2511.0,1445.0,759.0,318.0,122.0,29.0,10.0,4.0,1.0,3.0
300066,character_event,96223,91445,87034,81829,78105,73934,70124,66568,691450,535890,1491,1528,1485,1506,1497,1442,1474,1476,1447,1459,1428,1433,1349,1351,1384,1286,1386,1352,1325,1311,1252,1309,1328,1263,1272,1320,1307,1245,1188,1252,1240,1251,1239,1274,1233,1221,1258,1183,1088,1198,1178,1184,1127,1123,1084,1154,1185,1118,1093,1022,1048,1099,1053,1054,1105,1033,1019,1011,1049,1037,998,970,971,938,967,992,996,928,980,938,958,917,953,9381,16678,21831,23228,21715,17908,13389,8831.0,5043.0,2631.0,1101.0,429.0,132.0,30.0,6.0,1.0,0.0
300067,character_event,97231,91748,87320,82672,78272,74056,71002,66611,692757,536200,1610,1520,1570,1621,1537,1478,1484,1481,1450,1474,1431,1399,1427,1359,1375,1367,1412,1340,1368,1360,1323,1403,1401,1345,1266,1324,1337,1250,1259,1237,1253,1255,1209,1136,1210,1233,1200,1131,1181,1147,1152,1154,1109,1126,1131,1076,1048,1086,1059,1074,1085,1009,1060,1083,1054,1067,1031,1071,1036,1016,1033,991,1035,978,980,1013,998,1003,968,1051,962,971,944,9962,17651,22826,24740,23076,19201,14226,9354.0,5487.0,2708.0,1180.0,449.0,121.0,37.0,6.0,2.0,0.0
300068,character_event,61947,58952,55901,53190,50333,47287,45361,43093,445486,346657,991,969,972,989,945,947,1001,956,966,971,963,936,964,916,886,900,958,923,927,893,865,903,917,865,876,902,862,883,885,847,861,833,830,798,760,858,802,803,806,787,788,750,736,759,718,755,703,772,742,700,689,711,679,641,704,638,665,638,704,692,682,624,668,598,623,587,554,595,612,556,613,546,572,5639,9746,12573,13560,12544,10335,7684,5083.0,2882.0,1499.0,622.0,210.0,85.0,15.0,1.0,2.0,0.0
300069,character_event,66000,61767,58733,55402,52723,49955,47390,44778,464989,359123,1054,1096,1072,1019,1087,1005,1035,1018,1038,1011,934,1003,957,930,944,973,948,902,932,846,911,904,839,817,895,881,862,832,868,814,856,864,814,820,787,806,814,797,798,788,781,782,743,779,804,749,768,765,807,756,722,749,753,726,720,709,759,701,723,695,740,691,662,683,703,663,623,667,618,687,694,687,604,6747,11853,15392,16606,15400,12831,9447,6117.0,3742.0,1825.0,796.0,289.0,95.0,23.0,6.0,2.0,1.0
300070,character_event,132336,125730,118848,113184,107164,101272,96283,91607,947857,731868,2112,2171,2134,2072,2118,2088,2110,1988,1922,1988,1909,2047,1937,1934,1904,1982,1852,1822,1891,1867,1877,1791,1936,1825,1886,1781,1752,1786,1797,1727,1676,1730,1695,1746,1723,1678,1656,1729,1650,1686,1696,1685,1627,1539,1619,1638,1625,1549,1595,1516,1513,1558,1524,1495,1520,1514,1478,1458,1484,1468,1437,1373,1442,1429,1417,1435,1418,1417,1389,1406,1412,1362,1414,13280,23476,29698,31800,30383,24603,18358,11861.0,6943.0,3636.0,1600.0,560.0,171.0,49.0,7.0,3.0,1.0
300071,character_event,126876,120481,114612,108130,103240,97586,92466,88415,914802,706799,2007,2016,1996,2068,2035,2058,1978,1968,2015,2061,1925,1935,1878,1916,1906,1865,1865,1827,1843,1806,1878,1842,1820,1695,1771,1758,1719,1731,1746,1677,1678,1653,1661,1590,1617,1578,1605,1663,1531,1625,1573,1688,1484,1551,1517,1517,1522,1371,1435,1451,1367,1438,1400,1342,1359,1422,1356,1370,1314,1364,1334,1289,1248,1266,1315,1305,1260,1215,1203,1194,1253,1224,1159,12005,21297,27440,29413,27382,23039,16744,11110.0,6520.0,3276.0,1405.0,541.0,153.0,27.0,9.0,2.0,1.0
300072,character_event,122162,117096,110878,105187,99154,94317,88888,84849,879425,678759,1865,1990,1893,1928,1916,1903,1741,1885,1749,1765,1769,1664,1733,1653,1658,1694,1614,1579,1647,1603,1544,1533,1524,1496,1595,1515,1500,1565,1495,1487,1572,1534,1509,1478,1496,1504,1470,1449,1458,1460,1429,1413,1393,1445,1338,1360,1395,1405,1386,1402,1343,1379,1398,1335,1361,1338,1326,1387,1362,1374,1350,1243,1311,1305,1387,1258,1329,1272,1293,1294,1345,1317,1285,13851,24402,31854,34003,32054,26541,19773,12807.0,7495.0,3738.0,1725.0,610.0,177.0,42.0,7.0,3.0,2.0
300073,character_event,68982,64984,62072,58790,56281,53375,50448,48510,498841,387382,1121,1059,1033,1118,1188,1087,1101,1105,1146,1138,1130,1117,1141,1071,1126,1089,1083,1064,1051,992,988,980,973,968,950,919,1008,930,900,943,923,941,943,870,892,839,882,847,864,800,821,823,814,823,795,841,799,767,786,753,751,697,707,733,658,726,702,678,697,643,670,647,687,629,626,652,679,656,598,634,609,620,640,6056,10681,13669,14879,13810,11464,8342,5603.0,3131.0,1536.0,670.0,267.0,68.0,19.0,3.0,0.0,2.0
300074,character_event,84871,80139,76139,72764,69170,64834,62089,58905,614876,478280,1299,1319,1339,1322,1293,1255,1325,1282,1336,1363,1297,1278,1294,1262,1224,1328,1315,1349,1249,1287,1177,1234,1160,1171,1204,1197,1182,1093,1135,1122,1145,1114,1095,1135,1164,1033,1062,1048,1050,1047,1057,1022,1066,1042,1031,936,980,1050,959,974,924,934,930,896,895,866,911,859,857,840,873,846,793,790,733,809,791,791,761,763,789,744,724,7511,13284,16905,17894,16766,14016,10200,6522.0,3746.0,1934.0,762.0,296.0,99.0,33.0,6.0,1.0,0.0
300075,character_event,85866,80383,76453,72686,68491,65146,61588,58358,607095,468786,1389,1332,1370,1361,1310,1264,1319,1326,1271,1223,1257,1206,1234,1165,1213,1259,1156,1179,1173,1124,1095,1092,1128,1112,1166,1048,1130,1103,1032,1070,1102,1091,1089,1009,1095,1113,1040,1045,1034,1008,979,1008,1003,991,886,1003,1028,968,984,908,932,984,945,907,1015,971,968,940,887,889,930,886,926,916,927,876,886,910,915,898,903,922,844,8843,15620,20161,21971,20603,17202,12531,8354.0,4844.0,2456.0,1049.0,379.0,98.0,22.0,3.0,0.0,0.0
300076,character_event,223439,212673,201802,190971,181714,171658,162479,154339,1602315,1239496,3435,3590,3518,3497,3535,3439,3280,3354,3285,3362,3340,3252,3262,3192,3240,3009,3052,3158,3039,3025,2997,2954,3030,2861,3024,2909,2896,2909,2822,2827,2702,2817,2786,2785,2791,2663,2707,2676,2685,2610,2620,2615,2603,2620,2594,2594,2549,2528,2399,2581,2581,2474,2386,2503,2572,2396,2411,2298,2379,2358,2313,2355,2342,2419,2346,2364,2323,2335,2298,2267,2267,2331,2293,23959,42875,55275,59264,55680,46497,34432,22328.0,13082.0,6590.0,2866.0,1082.0,298.0,74.0,22.0,1.0,3.0
300077,character_event,88757,84098,79665,75381,72221,68111,65208,61306,641566,497325,1465,1489,1436,1517,1480,1474,1481,1478,1458,1409,1455,1458,1431,1418,1385,1471,1378,1358,1342,1343,1351,1274,1314,1364,1261,1282,1246,1298,1250,1290,1199,1191,1211,1185,1108,1211,1192,1129,1138,1135,1143,1098,1099,1088,1124,1019,1142,1102,1043,1039,1039,1040,1011,1025,991,920,985,925,861,971,951,912,940,891,839,847,916,819,839,862,798,811,831,8220,14653,18637,19875,18920,15481,11457,7633.0,4320.0,2245.0,957.0,360.0,100.0,21.0,9.0,3.0,1.0
300078,character_event,16789,15807,14968,14133,13456,12795,12062,11494,118532,92880,280,305,271,301,309,299,299,325,262,296,284,308,289,294,273,280,287,278,290,282,293,258,267,242,261,242,268,256,250,236,238,250,218,232,250,208,215,233,202,197,189,217,194,188,202,192,175,193,191,159,173,145,176,148,178,149,133,159,154,152,159,151,145,128,139,138,141,118,126,124,141,122,123,1152,1988,2663,2853,2590,2162,1598,990.0,595.0,303.0,135.0,55.0,14.0,4.0,2.0,0.0,0.0
300079,character_event,79075,75111,71152,67755,64288,60672,57980,54393,566901,438316,1354,1386,1380,1307,1302,1201,1263,1227,1267,1179,1215,1180,1253,1178,1213,1170,1139,1125,1104,1145,1100,1097,1139,1102,1065,1026,1108,1074,1037,1008,1065,978,1010,1084,996,888,970,1008,984,977,923,958,926,946,959,896,945,956,876,891,897,943,832,850,900,825,873,869,854,836,871,852,887,837,804,848,766,830,879,820,802,812,827,8254,14834,19053,20437,19119,16040,12013,7911.0,4590.0,2283.0,992.0,361.0,112.0,31.0,3.0,0.0,0.0
300080,character_event,53146,50586,47375,45065,42978,40882,38856,36734,384582,299729,823,833,895,872,853,901,891,861,822,918,827,821,863,811,819,827,825,868,827,797,798,729,810,768,748,775,758,743,761,684,701,679,723,644,686,681,688,685,715,715,608,638,601,663,620,653,626,650,604,582,605,554,588,609,555,529,560,550,557,507,517,460,498,476,498,520,457,474,476,456,445,447,415,4584,8005,10193,10972,10341,8423,6234,4003.0,2314.0,1192.0,536.0,177.0,50.0,16.0,3.0,0.0,1.0
300081,character_event,27214,25855,24412,23318,21876,20840,19343,18380,192672,148550,488,465,425,467,441,454,415,417,396,392,402,392,383,405,356,398,368,367,380,357,313,358,358,342,329,352,329,320,324,354,347,365,332,327,340,369,349,335,334,339,325,325,344,302,310,311,340,316,316,325,284,264,304,323,305,307,312,292,290,295,278,287,290,288,281,301,296,278,311,262,245,319,279,3032,5261,6962,7623,7305,5954,4459,2890.0,1699.0,849.0,383.0,135.0,42.0,16.0,2.0,0.0,1.0
300082,character_event,37431,35688,33427,31474,30417,28504,27595,25826,268393,206759,695,660,634,647,665,665,642,607,549,607,587,577,555,594,521,584,558,553,532,506,570,556,574,488,499,512,519,485,506,508,500,468,489,514,476,478,457,444,484,455,437,444,447,449,442,441,459,397,445,429,437,415,416,379,413,429,388,404,420,437,394,390,391,373,396,354,406,372,391,422,358,387,370,4060,7195,9099,10085,9415,7878,6038,3874.0,2290.0,1128.0,511.0,194.0,57.0,14.0,2.0,1.0,0.0
400008,weapon_event,9420,8121,7395,6865,6486,5840,5530,46895,22801,109,144,124,134,131,126,132,143,144,123,130,140,125,117,115,112,110,123,120,114,112,92,106,113,82,83,93,93,110,93,93,79,84,95,88,78,81,94,68,75,73,95,79,68,90,72,75,73,73,61,83,64,64,70,87,85,94,87,80,71,63,61,90,622,1169,1370,1369,1270,896,545,308,179,62,28,4,4,2,2,1,1,1,,,,,,,,,,
400009,weapon_event,3284,2960,2755,2410,2359,2288,2127,19323,9759,80,49,52,69,64,72,57,59,65,54,65,56,53,64,38,70,43,48,45,47,29,51,54,44,38,43,47,31,37,35,36,23,39,41,30,27,43,32,21,22,31,24,38,29,19,30,26,35,28,26,31,23,37,36,29,19,23,31,32,21,28,16,22,210,358,418,391,372,290,187,105,56,23,6,3,0,1,0,0,0,0,,,,,,,,,,
400010,weapon_event,7275,6830,6332,6046,5613,5377,4820,47692,23755,259,129,114,118,131,154,123,127,134,108,126,120,100,114,107,98,109,108,113,95,105,91,68,84,94,87,81,89,91,78,93,98,79,84,80,86,72,87,80,71,85,81,89,73,91,76,92,79,68,69,79,83,80,78,102,88,111,96,97,86,76,86,107,611,1124,1346,1373,1216,925,647,375,173,66,28,8,5,4,2,1,1,2,,,,,,,,,,
400011,weapon_event,2939,2731,2499,2386,2212,2071,1974,18998,9642,133,61,79,72,78,68,78,63,64,61,78,56,56,48,51,58,51,46,48,30,33,37,33,37,28,45,40,30,35,31,33,32,37,28,27,28,21,29,29,26,23,20,21,34,23,25,16,25,27,37,27,19,23,30,29,33,30,36,29,25,32,24,31,176,263,326,346,278,234,150,77,39,19,4,0,1,0,0,0,2,2,,,,,,,,,,
400012,weapon_event,19382,17950,17087,15835,14856,14142,13399,129746,66042,751,319,362,355,371,412,412,372,334,336,320,313,354,296,282,304,274,291,246,255,295,272,263,264,285,259,251,284,241,268,226,258,210,210,238,200,210,200,214,212,193,206,195,227,197,207,198,219,254,222,210,221,193,220,237,299,240,286,262,230,224,240,271,1565,2668,3297,3305,3052,2258,1510,841,422,173,58,9,2,2,7,0,0,1,,,,,,,,,,
400013,weapon_event,10997,10459,9737,9211,8762,8329,8204,74970,38202,517,214,228,264,251,272,257,248,260,248,252,237,221,208,176,219,207,171,187,177,191,158,153,139,151,138,142,141,133,155,135,113,118,124,124,124,131,141,137,129,115,117,129,96,109,125,123,116,108,121,110,88,85,126,134,135,166,131,132,122,123,113,134,559,986,1202,1170,1017,764,490,287,121,62,17,4,2,1,0,1,0,3,,,,,,,,,,
400014,weapon_event,17198,16137,14860,13886,13370,12474,11643,112058,56685,737,310,320,335,313,318,355,329,326,274,314,275,274,290,297,261,231,248,252,267,231,238,234,205,254,235,214,213,199,193,203,222,195,195,189,213,198,187,180,177,186,180,182,212,206,204,196,193,188,165,162,194,181,208,254,223,205,246,224,185,200,230,219,1250,2009,2553,2569,2342,1719,1141,683,282,122,57,8,5,2,0,1,0,2,,,,,,,,,,
400015,weapon_event,71212,66845,63397,59109,55094,52076,49550,471692,238103,2689,1206,1280,1267,1276,1327,1239,1257,1221,1147,1155,1097,1132,1097,1114,1092,1081,981,1020,1053,1014,1013,980,987,932,955,976,963,918,1036,946,969,915,885,925,947,919,932,914,891,863,903,867,942,888,974,961,904,974,941,957,920,967,1063,1076,1170,1236,1123,1195,1177,1095,1168,1281,6111,10091,12545,12608,11241,8495,5614,3074,1469,592,209,51,16,8,3,5,8,7,,,,,,,,,,
400016,weapon_event,31664,29453,27328,26275,24590,23221,21905,212072,108036,1232,607,643,570,614,645,553,618,581,574,531,556,536,544,538,465,452,478,467,491,488,473,486,421,411,447,378,405,418,402,383,389,365,388,394,393,366,355,364,402,374,375,363,315,365,402,351,366,353,334,386,327,386,414,377,461,458,436,413,436,436,442,495,2554,4273,5298,5529,4673,3519,2403,1340,679,260,85,27,8,1,1,1,2,0,,,,,,,,,,
400017,weapon_event,90669,85125,79736,74486,69877,65897,62540,607932,306859,3404,1549,1593,1592,1629,1667,1623,1561,1578,1471,1419,1531,1416,1476,1367,1392,1298,1362,1310,1292,1272,1303,1253,1313,1310,1286,1278,1274,1240,1157,1154,1260,1210,1247,1147,1090,1144,1114,1139,1195,1168,1102,1125,1140,1199,1118,1175,1213,1179,1121,1147,1111,1131,1206,1337,1398,1422,1411,1407,1348,1325,1435,1416,8035,13223,16398,17035,14978,11250,7593,4343,2062,813,272,54,15,7,0,3,4,2,,,,,,,,,,
400018,weapon_event,57785,53793,50620,48075,44931,42264,40663,379240,191639,2075,1109,1044,1081,1059,1220,1149,1081,1089,1130,1046,1034,1021,971,1028,1011,1003,918,977,965,884,875,863,870,841,850,822,802,829,798,790,762,740,747,719,779,786,742,762,734,761,743,711,723,661,723,690,706,648,719,679,663,715,745,787,832,797,795,777,738,756,832,839,4060,6658,8137,8094,7066,5330,3413,2014,922,376,108,26,7,1,2,0,0,0,,,,,,,,,,
400019,weapon_event,67449,63537,59407,56179,52527,49939,47461,449873,228319,2582,1146,1254,1301,1207,1254,1159,1259,1277,1251,1172,1191,1231,1144,1091,1147,1075,1047,1083,1046,1016,1000,1016,915,948,973,920,959,966,968,889,914,908,883,934,886,925,896,882,932,906,827,845,912,896,865,823,808,879,829,848,808,846,855,961,1007,1009,987,927,914,938,949,1063,5149,8302,9995,10168,8868,6725,4331,2581,1317,485,117,43,14,1,3,1,0,0,,,,,,,,,,
400020,weapon_event,193640,181286,171023,160939,150370,141974,134993,1303115,658778,7689,3312,3363,3462,3373,3373,3243,3194,3104,3153,2964,2830,2888,3032,2910,2930,2873,2935,2882,2752,2765,2851,2782,2847,2635,2855,2784,2661,2710,2641,2679,2574,2669,2556,2527,2696,2578,2607,2660,2629,2664,2578,2671,2573,2651,2666,2683,2647,2641,2656,2665,2627,2614,2949,3044,3332,3360,3219,3331,3334,3256,3408,3823,18460,30491,37214,38009,33581,25524,17007,9660,4660,1938,678,153,15,9,4,6,2,9,,,,,,,,,,
400021,weapon_event,49590,46775,43630,41201,38545,36381,34334,332443,168014,1897,955,854,831,905,865,838,854,824,930,831,833,803,799,853,792,729,775,736,779,766,741,747,706,721,716,662,665,729,650,607,648,670,640,628,703,659,633,621,640,649,631,650,609,614,640,568,633,628,601,595,586,657,684,661,645,645,749,698,761,738,751,777,4238,7248,8698,9000,7828,5972,4057,2264,1096,430,149,45,8,2,1,2,1,1,,,,,,,,,,
400022,weapon_event,63312,60014,55965,52754,49700,46415,44030,421559,212980,2361,1226,1171,1182,1211,1135,1169,1118,1139,1035,1082,1007,1040,1048,992,989,1028,985,987,970,883,893,895,927,873,853,952,835,855,822,783,849,813,852,864,815,822,828,782,817,831,808,824,829,881,793,795,826,855,853,797,803,791,805,900,854,957,920,941,929,967,974,1057,5381,9012,11179,11369,9804,7647,5060,2840,1438,539,167,40,14,4,1,2,1,3,,,,,,,,,,
400023,weapon_event,56080,52483,49263,46297,43684,40991,38979,360853,181887,2091,1013,1098,1057,1053,1122,1004,1062,1018,1023,1053,990,983,890,982,922,894,949,847,863,911,854,890,808,876,841,793,799,782,758,762,753,722,778,756,779,714,711,725,694,715,693,728,712,716,798,786,701,695,713,649,683,724,764,740,779,783,844,866,882,850,854,961,4539,7547,9182,9089,8123,6166,4031,2378,1182,427,148,50,9,4,3,1,3,5,,,,,,,,,,
400024,weapon_event,52412,49003,46203,43286,40533,38403,36093,334551,169404,1988,994,1070,1060,951,1058,1031,928,998,1003,896,923,911,901,897,855,910,843,801,796,831,874,759,767,751,799,725,790,761,699,744,714,688,709,687,714,679,664,710,703,683,668,673,676,682,674,657,636,677,684,666,670,622,673,680,752,758,784,757,811,795,754,829,4044,6510,8217,8213,7215,5639,3566,2143,984,384,147,33,13,3,3,2,2,2,,,,,,,,,,
400025,weapon_event,88372,82538,77622,73354,68881,64805,60844,570732,289520,3313,1693,1638,1698,1617,1693,1719,1705,1573,1559,1616,1542,1492,1574,1428,1487,1442,1464,1401,1415,1366,1342,1383,1361,1289,1384,1271,1296,1306,1282,1140,1250,1200,1196,1266,1215,1235,1127,1208,1131,1164,1130,1168,1138,1121,1111,1168,1122,1160,1126,1122,1092,1056,1093,1152,1286,1257,1308,1276,1307,1379,1358,1377,7212,11678,14466,14696,12876,9781,6510,3668,1780,762,253,74,19,5,5,7,10,5,,,,,,,,,,
400026,weapon_event,51811,48490,45863,43141,39826,37885,35580,333541,168617,2032,983,1030,1037,973,974,973,981,947,985,892,930,909,889,934,826,871,849,763,845,811,814,787,805,755,824,782,722,755,722,765,753,713,706,691,699,760,728,732,707,660,682,629,691,679,651,661,698,683,651,652,662,695,698,717,745,784,782,796,791,765,832,892,4294,7078,8437,8841,7663,5895,3911,2129,1066,428,133,42,14,2,3,1,1,1,,,,,,,,,,
400027,weapon_event,59600,55742,52533,49153,46110,43316,40868,386656,195119,2320,1070,1068,1032,1075,1088,1020,1108,1041,1024,1040,1049,993,1060,982,991,973,961,966,973,979,930,902,949,938,921,876,833,848,832,845,860,877,848,830,862,816,838,848,846,815,804,770,773,762,844,827,755,797,763,764,764,791,884,872,909,871,953,939,919,923,960,1050,4617,7707,9419,9538,8365,6402,4212,2462,1191,487,160,51,9,9,3,5,1,7,,,,,,,,,,
400028,weapon_event,126806,119123,111748,105133,98602,93411,88203,835164,420248,4734,2192,2318,2285,2261,2256,2271,2244,2200,2099,2117,2074,2022,2092,2092,2004,2056,1987,1973,1955,2099,1953,1949,1980,1952,1927,1821,1891,1915,1861,1885,1827,1863,1820,1887,1819,1875,1772,1780,1783,1713,1750,1764,1736,1780,1808,1786,1817,1750,1746,1828,1771,1773,1873,2005,1974,2067,2025,2061,2114,2068,2207,2351,10855,17634,21417,22024,19184,14557,9375,5586,2650,1132,382,90,33,13,11,14,14,11,,,,,,,,,,
400029,weapon_event,78447,73662,68772,65040,61377,57619,53944,525204,266790,3236,1375,1352,1337,1367,1396,1365,1398,1264,1348,1330,1301,1320,1285,1274,1229,1267,1274,1167,1227,1161,1184,1197,1163,1146,1142,1134,1174,1131,1086,1054,1116,1124,1104,1087,1053,1021,1096,1004,1052,1039,1015,1016,1068,1077,1067,1069,1038,1112,1002,1005,1010,1024,1146,1201,1213,1273,1240,1280,1294,1270,1348,1396,7221,11669,14164,14488,13084,9797,6526,3779,1828,740,260,65,13,15,4,9,2,8,,,,,,,,,,
400030,weapon_event,22676,21196,19777,18881,17833,16778,16010,151562,77724,990,486,418,444,470,455,441,416,427,441,393,382,402,370,382,334,380,352,359,349,338,342,361,350,317,351,333,314,301,320,322,327,300,292,291,309,284,296,304,316,310,318,286,269,300,261,321,296,322,303,308,291,313,306,307,306,332,344,339,365,347,378,407,1971,3189,3940,3964,3614,2705,1756,989,528,207,51,17,4,4,0,0,2,0,,,,,,,,,,
400031,weapon_event,41369,38820,36493,34174,32612,30493,28812,277966,141729,1724,751,791,751,767,748,767,718,800,732,706,693,754,639,681,691,723,677,616,654,609,661,589,603,598,604,591,571,601,571,543,545,625,545,582,519,546,546,509,546,486,548,503,501,530,485,541,523,500,488,482,480,499,516,503,573,573,603,593,604,591,645,652,3444,5728,7124,7369,6329,4841,3276,1824,929,367,121,41,8,4,0,2,4,1,,,,,,,,,,
400032,weapon_event,33667,31638,29643,27599,26090,24512,23093,223659,113833,1354,608,610,583,576,627,580,569,553,576,558,555,566,574,492,519,563,525,511,482,484,503,519,498,464,455,492,496,459,476,463,434,444,439,436,440,444,435,457,430,380,459,442,410,472,448,435,425,422,379,405,437,424,447,431,412,478,477,462,471,470,502,584,2912,5000,6209,6357,5590,4153,2850,1547,788,333,97,24,8,5,3,3,2,4,,,,,,,,,,
400033,weapon_event,25381,23690,22408,20990,20012,18794,17757,169388,85459,996,457,436,455,425,467,431,446,405,459,442,405,414,401,393,420,436,402,434,391,413,390,379,381,382,404,376,365,358,376,370,366,351,360,331,377,315,332,338,315,336,323,344,354,344,349,300,316,319,336,320,327,309,347,349,349,371,372,383,340,378,393,408,2175,3567,4392,4470,3973,3180,2025,1157,560,214,70,29,10,2,2,2,4,3,,,,,,,,,,
400034,weapon_event,19910,18593,17255,16513,15185,14531,13593,127578,64683,773,400,410,377,364,373,386,356,364,374,340,345,318,343,343,327,309,333,303,316,322,284,303,311,297,298,265,290,279,291,254,248,268,269,294,272,252,271,280,284,267,249,254,248,258,249,242,209,262,212,238,243,219,218,274,234,273,291,247,270,295,315,289,1390,2462,2963,3014,2599,2002,1366,766,374,144,41,20,6,3,3,3,0,1,,,,,,,,,,
400035,weapon_event,50102,47096,44283,41649,39346,36778,34511,336873,170879,2016,836,845,853,881,882,823,797,811,845,783,779,806,795,734,816,755,737,796,739,752,731,737,735,714,670,703,701,733,703,721,717,663,697,705,686,707,635,669,619,647,614,634,673,623,671,640,657,680,614,623,589,669,646,655,719,681,729,792,787,721,749,837,4453,7832,9483,9812,8585,6526,4330,2450,1189,490,156,50,13,4,3,4,0,7,,,,,,,,,,
400036,weapon_event,69983,65427,61758,57984,54571,51367,48708,470211,238846,2797,1250,1178,1212,1249,1172,1157,1203,1168,1132,1137,1147,1137,1150,1109,1084,1051,1085,1094,1030,1031,1079,1064,1006,1056,1005,1023,990,976,1061,971,976,921,998,960,893,924,895,939,952,892,838,901,932,901,889,863,887,885,831,865,869,861,925,963,895,988,1009,971,1093,1062,1088,1175,6048,9745,11946,12226,10441,8133,5453,3118,1460,594,196,60,22,8,9,10,9,7,,,,,,,,,,
400037,weapon_event,75123,70533,66010,61492,58072,54573,51468,499048,253606,3082,1262,1302,1219,1231,1249,1308,1197,1130,1256,1210,1124,1163,1156,1146,1198,1093,1097,1039,1115,1042,1095,1094,1104,1122,1114,997,1109,1063,1037,1030,1008,1011,1035,1012,1028,1012,1004,966,956,1004,931,1017,974,1008,985,1038,945,1008,1012,964,1013,946,1068,1060,1087,1151,1144,1197,1227,1188,1275,1301,7335,12552,15004,15793,13668,10425,7036,3934,1981,833,257,63,25,12,13,4,11,8,,,,,,,,,,
400038,weapon_event,33108,30783,28819,27468,25676,23854,22760,219851,112415,1318,528,552,562,571,555,586,594,549,540,532,538,515,521,484,529,520,499,495,480,495,491,486,506,454,487,490,483,491,494,459,454,465,454,474,437,476,485,395,430,456,457,447,422,500,445,442,423,425,457,435,409,451,422,441,437,477,480,490,443,544,495,539,2955,5150,6142,6356,5547,4351,2753,1678,751,295,106,20,7,5,6,2,4,3,,,,,,,,,,
400039,weapon_event,53393,49986,47275,44188,41904,39202,36923,357048,181322,2118,954,916,914,967,976,916,887,939,864,869,848,848,903,865,841,826,887,811,774,798,791,822,798,784,756,821,765,748,752,756,758,764,693,775,739,712,716,733,714,742,716,707,699,682,681,688,698,729,664,679,683,700,719,736,694,794,760,756,808,806,829,844,4500,7962,9640,9950,8695,6572,4566,2552,1220,508,159,44,13,8,9,4,6,5,,,,,,,,,,
400040,weapon_event,70547,66311,62308,58109,54490,51362,47845,470056,238776,2777,1286,1289,1271,1223,1248,1181,1222,1150,1146,1173,1082,1085,1125,1173,1047,1078,1110,1079,1073,1127,1041,1021,1004,1068,1053,1033,963,994,991,993,985,1023,958,967,935,949,941,950,899,931,908,939,955,917,892,902,934,856,955,937,890,918,983,960,1036,1041,1049,1082,1028,1037,1105,1141,6473,10800,13411,13738,11971,9227,6096,3478,1648,665,214,69,14,8,8,2,4,3,,,,,,,,,,
400041,weapon_event,49406,46522,43669,40985,38481,36395,34135,332749,168987,1900,866,847,793,863,855,869,845,822,832,834,796,808,813,827,760,793,829,761,795,787,731,682,733,736,737,730,778,679,704,703,678,678,661,713,679,694,680,678,696,696,597,642,657,667,663,611,623,614,606,633,674,623,684,645,680,652,679,666,652,686,732,717,4274,7099,8814,8869,7726,5967,4000,2288,1106,467,145,25,10,2,3,2,3,4,,,,,,,,,,
400042,weapon_event,113938,107369,99872,94977,89035,83797,78880,779591,396041,4710,2041,1971,1926,1924,1896,1916,1839,1934,1779,1789,1772,1824,1706,1752,1775,1789,1726,1719,1717,1596,1658,1664,1677,1610,1695,1638,1555,1531,1558,1561,1575,1595,1555,1499,1487,1582,1528,1460,1483,1472,1445,1487,1565,1475,1516,1499,1537,1538,1507,1475,1524,1549,1534,1665,1630,1736,1682,1745,1780,1760,1879,1928,11425,19584,24274,25086,21926,16969,11172,6383,3063,1224,431,123,14,13,9,11,9,7,,,,,,,,,,
400043,weapon_event,32786,30983,29267,27263,25774,24414,22993,227614,115903,1429,572,608,572,565,544,601,564,556,561,579,543,560,516,513,520,485,540,483,475,527,534,480,508,470,445,466,464,477,483,450,489,473,422,449,458,464,411,468,454,461,432,372,463,429,418,414,413,420,425,410,366,430,390,406,394,423,416,377,408,432,448,509,2938,4864,5849,6161,5339,4125,2742,1599,789,300,97,18,3,3,3,2,2,8,,,,,,,,,,
400044,weapon_event,60168,56264,53416,49986,46677,43527,41282,412949,209788,2503,1021,1051,962,964,985,1050,985,1075,1011,991,930,968,912,915,940,961,939,932,939,932,904,893,892,879,850,818,872,854,798,837,788,793,789,779,883,837,791,812,765,809,787,778,829,775,765,783,776,746,770,722,712,761,784,810,817,836,863,853,830,853,857,922,5701,9833,12232,12748,11084,8581,5666,3310,1600,633,218,56,11,7,9,6,6,2,,,,,,,,,,
400045,weapon_event,38994,36426,34096,32138,30098,28820,26897,267122,137004,1688,707,662,687,654,666,646,676,680,697,690,670,628,611,640,629,592,642,593,587,581,541,593,575,521,560,499,565,530,544,561,501,536,523,468,482,430,478,537,451,450,464,460,479,462,427,427,466,474,450,431,384,410,441,493,448,465,475,473,515,462,501,520,3340,5900,7284,7503,6552,5085,3400,1901,891,350,150,25,10,6,5,5,2,0,,,,,,,,,,
400046,weapon_event,11362,10425,9915,9209,8920,8206,7730,74726,37912,475,218,225,226,209,198,193,215,206,189,213,200,205,174,200,173,154,200,165,179,169,166,175,172,145,161,184,171,147,150,140,149,149,162,171,130,158,127,137,148,152,138,119,132,142,125,135,131,124,125,141,121,138,127,125,138,150,130,114,154,151,149,163,894,1643,1845,1875,1777,1320,836,487,243,112,24,11,3,5,4,2,2,1,,,,,,,,,,
400047,weapon_event,21657,20090,19088,17930,17004,15739,14859,140802,71280,884,395,426,384,414,438,437,365,372,378,410,389,370,364,359,393,356,369,337,392,372,325,344,352,313,293,331,318,321,326,325,308,326,312,294,327,308,275,310,301,260,278,266,314,254,269,248,316,269,245,253,233,292,306,271,286,309,294,293,308,332,291,316,1744,2985,3712,3801,3372,2577,1630,969,470,178,74,21,8,5,10,5,1,5,,,,,,,,,,
400048,weapon_event,35324,33355,30728,29097,27321,25540,23936,230142,116242,1443,638,600,650,639,616,612,645,600,577,575,597,598,565,552,580,576,566,549,541,534,529,545,513,532,552,503,520,503,580,485,501,470,479,525,503,500,488,468,506,461,465,443,479,473,474,459,465,469,441,440,481,453,472,521,561,538,573,580,553,523,560,627,3098,5299,6541,6648,5857,4530,3008,1693,862,336,127,35,11,7,9,4,9,9,,,,,,,,,,
400049,weapon_event,15768,14534,13876,12796,12124,11293,10732,100831,50418,668,309,314,350,324,305,328,293,270,286,289,279,266,281,281,257,274,284,245,245,240,226,254,250,223,252,203,227,190,197,218,223,211,209,214,217,189,208,214,220,210,229,198,201,197,206,198,188,199,204,224,182,214,182,193,226,203,212,222,245,252,276,241,1242,2082,2445,2573,2208,1689,1149,646,314,135,50,17,3,3,2,0,7,3,,,,,,,,,,
400050,weapon_event,20229,18500,17843,16912,15611,14758,13678,129588,65477,780,371,399,369,398,418,390,351,361,326,363,343,339,320,344,331,334,314,317,300,324,310,308,295,280,301,314,296,314,310,298,272,261,299,244,280,272,269,292,270,248,285,306,267,296,259,255,266,271,255,258,260,253,297,279,300,293,292,295,285,279,312,305,1664,2734,3367,3410,2974,2297,1497,904,433,188,46,14,7,5,4,2,1,0,,,,,,,,,,
400051,weapon_event,48346,45560,42867,40122,37347,35321,33479,312587,157743,1900,874,879,868,842,818,798,828,796,828,816,774,807,785,832,806,761,802,766,803,784,740,723,793,715,711,739,748,763,703,752,718,640,650,779,750,739,701,686,696,680,639,711,674,645,701,649,671,650,723,729,617,644,706,714,729,757,852,820,812,871,836,877,4138,6711,8559,8538,7518,5835,3873,2079,1058,471,144,34,16,13,11,20,4,9,,,,,,,,,,
400052,weapon_event,11611,10944,10265,9593,8760,8525,7833,71954,36564,468,239,271,231,245,236,249,243,254,246,226,225,217,198,213,208,212,195,192,169,187,176,200,181,181,189,175,179,167,155,172,171,170,156,156,178,129,156,144,151,151,146,123,131,135,125,145,181,132,132,137,142,135,149,168,134,126,155,169,163,157,150,171,756,1251,1552,1598,1420,1050,687,415,177,60,26,8,1,2,1,3,1,1,,,,,,,,,,
400053,weapon_event,99159,93532,87937,82548,77807,72792,68452,656215,331680,4100,1746,1830,1758,1782,1759,1802,1678,1718,1701,1717,1733,1642,1674,1596,1663,1589,1565,1649,1579,1596,1478,1501,1570,1485,1525,1584,1489,1448,1501,1447,1408,1484,1426,1442,1475,1438,1509,1444,1440,1493,1412,1379,1358,1367,1466,1446,1376,1420,1480,1425,1366,1470,1369,1390,1492,1616,1617,1674,1627,1790,1814,1802,8686,14588,17664,18168,15929,12104,8113,4632,2318,913,310,96,46,32,26,20,21,16,,,,,,,,,,
400054,weapon_event,25099,23259,22213,20939,19395,18370,17225,167511,85532,1098,437,378,416,461,439,440,404,414,398,432,432,388,409,421,370,383,364,371,381,362,391,375,367,345,358,341,343,353,339,354,313,289,365,343,376,323,329,318,303,301,305,335,306,335,301,287,324,297,305,342,289,315,342,321,306,342,362,327,373,357,373,382,2293,3892,4731,4869,4379,3292,2282,1313,633,227,96,23,11,10,3,4,6,2,,,,,,,,,,
400055,weapon_event,66360,61199,57917,54487,50736,47311,45185,441687,224470,2804,1174,1186,1155,1120,1088,1132,1056,1034,1075,1110,995,1081,949,1043,1010,1010,988,938,1001,967,961,964,910,955,974,984,911,895,939,893,936,930,856,839,855,865,874,915,862,825,930,852,860,875,817,809,862,869,890,834,845,884,787,895,941,949,970,962,981,1094,1066,1152,6384,10871,13527,13745,12037,9196,6043,3394,1719,762,276,71,26,20,14,13,17,13,,,,,,,,,,
400056,weapon_event,18264,17543,16273,15428,14487,13689,12982,123570,63096,721,352,328,343,370,346,321,328,324,322,346,343,326,315,319,317,295,298,297,332,268,307,249,253,286,301,264,255,281,287,268,266,253,269,262,246,252,259,248,284,236,249,262,219,252,265,228,239,218,231,197,250,250,235,218,247,227,199,220,256,227,263,254,1386,2218,2877,2801,2453,1967,1262,751,360,124,48,10,9,2,1,7,2,3,,,,,,,,,,
400057,weapon_event,56495,53598,49925,46718,44339,41421,39215,387153,197541,2338,949,984,942,964,1007,960,900,929,924,850,950,889,872,820,888,939,805,840,876,859,796,831,854,821,844,805,792,762,799,773,752,804,776,780,728,742,716,719,737,701,688,764,714,747,724,738,690,680,710,733,665,735,697,731,739,808,778,819,760,844,793,853,5414,9217,11458,11965,10228,7786,5224,2926,1462,622,200,51,19,13,10,6,4,8,,,,,,,,,,
400058,weapon_event,34327,32635,30609,28531,26959,25247,23894,235212,119593,1523,615,577,600,596,580,550,554,534,546,532,547,522,542,535,482,513,477,498,476,450,469,475,449,448,492,470,478,489,464,436,445,456,444,471,454,457,424,442,439,416,434,427,446,457,461,459,449,416,491,414,440,450,424,501,439,489,480,476,504,496,469,570,3339,5905,7386,7428,6349,5189,3344,1858,923,345,121,33,13,3,3,4,3,3,,,,,,,,,,
400059,weapon_event,26367,24958,23281,21887,20637,19518,18372,183080,93290,1175,443,415,454,442,456,432,443,486,396,409,416,406,382,404,374,364,398,414,407,375,396,357,376,343,356,357,364,368,346,371,348,325,343,352,360,323,300,356,310,356,316,321,280,310,278,289,336,293,298,289,309,278,288,322,270,312,333,297,310,299,362,310,2446,4299,5404,5499,4964,3705,2394,1375,687,276,79,14,10,1,1,1,2,0,,,,,,,,,,
400060,weapon_event,13917,13360,12464,11733,11063,10391,9744,96605,49288,599,257,245,248,257,219,262,289,231,239,245,250,248,234,239,228,227,233,228,233,213,231,218,199,204,208,251,218,210,196,200,192,207,183,182,177,197,191,157,173,187,164,210,166,152,175,158,136,154,174,146,210,167,162,167,177,164,156,144,175,197,166,174,1140,1902,2401,2355,2159,1688,1031,630,267,124,38,10,2,1,0,1,0,1,,,,,,,,,,
400061,weapon_event,18757,17581,16628,15731,14614,13887,12977,131504,67287,813,337,295,297,293,285,311,300,282,275,274,274,280,269,263,280,270,301,280,271,232,276,257,260,251,239,256,247,245,265,236,240,225,251,244,252,213,228,210,222,226,230,229,228,230,237,243,241,211,193,212,221,218,213,217,218,209,252,216,209,206,224,246,1861,3301,3909,4081,3597,2814,1824,1063,520,219,69,18,1,1,0,0,2,0,,,,,,,,,,
400062,weapon_event,27093,25774,23607,22285,20964,19386,18477,186750,94725,1136,482,499,468,478,454,463,414,424,433,412,412,428,412,428,368,398,374,372,370,413,406,412,350,399,352,380,332,380,320,370,367,369,376,382,341,359,330,357,316,348,347,350,323,340,369,338,319,343,358,361,342,312,311,334,346,348,366,358,362,369,383,396,2659,4527,5543,5797,5215,3923,2617,1522,778,332,95,28,6,0,3,3,1,3,,,,,,,,,,
400063,weapon_event,85904,81867,76320,71690,67486,63491,59138,599400,303695,3476,1425,1386,1351,1359,1329,1414,1301,1304,1363,1272,1277,1253,1223,1233,1208,1286,1231,1267,1281,1162,1198,1199,1249,1170,1134,1230,1210,1184,1141,1169,1154,1151,1131,1133,1160,1100,1085,1119,1075,1123,1068,1104,1081,1060,1099,1091,1047,1097,1023,1053,1089,1067,1109,1138,1136,1149,1125,1130,1115,1168,1152,1261,8814,15293,19074,19545,17434,13329,8800,5142,2435,1028,344,78,11,10,14,7,7,3,,,,,,,,,,
400064,weapon_event,8100,7610,6965,6588,6087,5863,5503,54441,27977,378,153,131,141,133,153,153,166,142,129,161,161,147,115,139,116,148,104,117,127,118,117,99,107,111,132,110,109,94,125,90,115,114,110,103,106,97,93,107,88,95,108,100,104,105,93,83,78,94,91,110,79,70,78,102,106,101,77,95,92,88,94,97,685,1101,1387,1383,1272,940,640,351,178,68,21,8,0,0,1,0,0,0,,,,,,,,,,
400065,weapon_event,35913,33827,31208,29553,27902,26121,24551,248657,126529,1535,563,585,635,602,609,590,592,582,622,532,551,548,526,582,550,570,518,540,525,497,510,466,501,470,465,449,446,424,491,449,459,498,439,439,458,447,447,442,417,419,438,400,437,401,419,431,436,394,393,424,435,345,403,419,418,415,401,426,428,433,441,482,3579,6089,7525,7682,6736,5145,3414,1966,1020,393,139,31,9,0,3,2,1,1,,,,,,,,,,
400066,weapon_event,23394,21943,20537,19182,18147,16993,16052,161962,81979,1000,396,402,369,389,366,376,376,411,355,371,397,344,331,347,325,371,343,332,324,372,322,330,317,325,274,330,308,307,343,344,313,294,290,333,282,328,294,286,279,314,285,288,277,291,245,285,272,261,258,252,275,245,260,273,270,289,305,308,289,296,318,329,2413,3833,4852,4836,4295,3313,2245,1229,621,235,90,25,3,1,3,1,0,1,,,,,,,,,,
400067,weapon_event,31287,29650,27924,26340,24932,23399,21844,219864,113254,1345,528,526,508,537,499,546,508,546,546,525,534,522,499,548,501,519,509,450,483,454,468,457,442,426,450,457,435,455,466,413,427,426,402,424,404,412,419,368,377,389,361,374,366,348,368,363,382,361,408,321,345,356,349,328,334,349,337,362,352,346,370,362,2558,4505,5565,5789,4991,3808,2503,1440,711,260,86,25,8,6,0,2,4,1,,,,,,,,,,
400068,weapon_event,21737,20652,19158,18094,16892,16032,14882,150018,76562,937,392,361,359,358,369,373,343,366,318,343,343,333,304,311,319,311,324,329,292,333,336,260,279,334,292,308,282,283,274,272,302,276,283,259,270,258,254,272,284,274,283,266,286,272,274,257,248,263,232,258,253,274,237,257,253,268,253,251,263,280,282,270,2110,3714,4597,4646,4095,3126,2156,1232,584,215,67,13,5,2,0,1,0,0,,,,,,,,,,
400069,weapon_event,46182,43242,40267,38345,35847,33528,31410,314776,159082,1778,710,732,749,754,727,716,713,717,695,726,685,696,737,670,642,637,724,697,674,646,666,673,658,627,687,655,632,613,636,641,581,590,607,645,645,618,631,622,654,577,558,581,605,566,653,580,605,542,584,553,561,563,595,617,645,555,576,632,617,690,593,648,4458,7567,9512,9876,8573,6543,4430,2514,1244,506,151,36,10,2,1,3,1,3,,,,,,,,,,
400070,weapon_event,48517,45678,43461,40127,38018,36067,33438,333366,169207,1915,832,818,854,757,741,785,748,770,805,768,730,740,749,713,712,680,714,708,687,705,694,679,713,689,658,663,664,695,663,660,618,650,694,650,634,614,640,692,627,692,633,661,638,635,607,612,604,687,657,636,630,597,634,641,668,661,642,688,727,681,687,719,4974,8340,10251,10755,9381,7292,4611,2697,1293,563,192,55,9,4,5,0,4,2,,,,,,,,,,
400071,weapon_event,40403,37652,35641,33230,31713,29882,28012,282233,143463,1723,646,682,681,644,641,676,643,646,628,643,615,582,606,553,616,597,553,568,532,560,556,544,583,560,522,587,561,541,551,548,501,540,509,507,492,522,508,568,531,498,471,468,472,467,493,471,449,430,479,453,437,464,437,472,478,480,501,456,493,486,544,529,4227,6903,8719,8999,8038,6178,4068,2301,1212,476,169,42,8,3,2,3,0,5,,,,,,,,,,
400072,weapon_event,32473,30390,28338,26649,25056,23947,22287,222266,112790,1348,549,571,537,552,554,539,564,501,520,517,564,474,508,521,492,492,492,531,507,466,469,449,484,497,465,466,474,470,453,424,422,412,412,455,449,445,461,447,428,424,431,447,431,386,421,405,400,374,412,408,414,366,403,432,412,429,412,447,445,456,471,464,2944,5095,6263,6372,5578,4370,2747,1571,792,309,108,22,3,0,1,2,1,1,,,,,,,,,,
400073,weapon_event,26149,24848,23081,21784,20586,19440,18206,182476,93845,1136,453,438,436,426,444,408,410,443,412,420,383,398,416,373,396,443,384,397,374,382,406,349,375,369,378,399,349,376,365,337,342,362,336,335,334,312,333,322,308,301,323,308,337,305,303,307,303,357,291,309,298,312,296,335,297,321,304,299,331,313,303,356,2507,4196,5254,5443,4796,3693,2488,1327,665,276,85,16,6,1,1,2,3,0,,,,,,,,,,
400074,weapon_event,23570,22009,21006,19623,18190,17295,16259,161920,82614,980,413,401,392,405,402,398,391,387,353,383,340,370,352,392,331,377,353,345,352,335,323,334,315,315,324,328,342,292,328,281,336,329,322,307,305,326,297,290,305,310,282,290,313,311,306,273,309,295,279,288,288,272,313,315,301,296,327,324,366,335,330,364,2387,4071,4956,5092,4534,3458,2278,1287,619,251,80,17,8,1,0,1,2,1,,,,,,,,,,
400075,weapon_event,80247,75484,70351,66659,62546,58724,55436,557534,284562,3386,1345,1319,1280,1309,1254,1215,1137,1215,1099,1181,1148,1179,1146,1093,1148,1142,1095,1134,1060,1128,1080,1074,1034,1024,1090,1073,1005,1030,1037,999,1019,1027,1019,1030,1057,1042,1002,953,966,969,949,952,995,984,1009,939,928,931,944,981,935,943,956,961,967,969,1028,1054,1100,1058,1065,1077,8673,14849,18731,19308,16870,13171,8703,5173,2479,993,358,88,22,7,6,1,1,3,,,,,,,,,,
400076,weapon_event,35828,33398,31605,29772,28318,26098,24667,246595,125519,1395,643,576,578,598,587,575,597,582,610,559,537,575,591,547,551,558,546,528,493,578,542,505,509,527,534,483,506,500,469,520,494,496,510,470,515,510,453,485,462,448,450,464,471,461,476,463,472,493,469,480,432,452,499,455,485,501,532,546,510,535,530,563,3530,5997,7604,7831,6888,5279,3578,2072,980,335,140,27,8,3,3,0,3,1,,,,,,,,,,
400077,weapon_event,7014,6761,6133,5883,5496,5152,5056,50056,25727,327,128,125,121,111,141,127,132,166,118,128,127,146,109,106,101,130,88,101,120,98,97,106,97,99,94,97,95,78,106,93,92,84,84,93,71,76,80,95,96,96,65,67,77,69,91,74,83,57,75,81,62,66,68,63,68,68,69,71,74,81,63,60,508,961,1178,1243,1114,845,543,342,166,57,17,4,0,0,1,0,1,0,,,,,,,,,,
400078,weapon_event,22092,20620,19520,18117,17040,16028,15139,151448,77434,958,380,389,366,381,388,355,386,351,369,347,344,375,362,301,332,352,331,351,344,339,314,316,295,311,311,325,273,295,302,275,315,296,285,298,279,280,264,297,263,303,255,283,236,237,271,264,259,288,270,231,234,241,259,243,264,310,258,275,274,256,278,286,2149,3714,4610,4806,4230,3133,2122,1197,570,264,76,10,3,0,1,0,0,1,,,,,,,,,,
400079,weapon_event,13543,12615,11848,11111,10514,9780,9265,94178,48018,602,205,210,226,200,219,211,208,211,247,235,235,208,221,217,214,207,222,199,186,179,197,183,197,188,168,208,190,156,192,180,204,170,165,142,135,182,168,159,180,155,144,160,153,159,153,144,164,157,158,159,153,146,144,139,128,138,161,150,139,151,147,172,1244,2102,2788,2896,2485,1911,1285,733,341,145,46,10,3,0,0,1,0,0,,,,,,,,,,
400080,weapon_event,9304,8616,8090,7575,7225,6889,6278,64176,33061,397,195,167,177,176,170,160,162,179,174,165,162,158,164,138,136,154,153,144,141,147,150,148,133,146,145,152,134,135,131,126,137,117,125,105,117,100,116,120,131,107,96,94,99,99,119,99,100,91,110,92,110,102,115,97,91,104,99,108,96,82,96,90,885,1495,1815,1859,1674,1239,838,549,217,84,39,8,2,0,0,0,0,0,,,,,,,,,,
400081,weapon_event,12767,11761,11125,10527,9841,9365,8680,89232,45383,594,246,218,214,245,220,196,218,214,204,198,219,208,178,205,197,207,221,215,174,182,180,193,172,202,182,188,147,193,182,162,177,149,179,159,170,149,152,149,163,156,155,138,126,145,150,173,158,132,150,153,120,138,143,141,140,135,150,139,124,129,174,144,1257,2125,2756,2825,2454,1875,1254,738,370,125,42,10,3,1,0,0,0,0,,,,,,,,,,
400082,weapon_event,1818,1579,1544,1435,1340,1239,1182,11522,5987,68,32,25,33,39,40,33,28,30,30,38,27,34,36,28,32,39,23,28,29,18,24,24,33,33,30,20,23,30,24,19,32,20,26,25,21,23,29,28,29,29,19,30,24,22,24,17,9,12,30,17,24,22,25,26,29,30,14,22,17,20,23,21,166,286,361,354,301,216,129,95,49,19,6,2,1,0,1,0,0,0,,,,,,,,,,
500001,chronicled_wish,45911,41893,38978,36280,33764,30729,28586,26446,268917,203581,1415,1369,1282,1229,1252,1161,1027,1050,1037,951,874,763,720,703,684,729,663,629,623,659,587,545,507,528,505,528,511,475,487,470,430,425,442,401,422,359,387,368,404,322,349,349,371,367,312,297,312,304,276,300,299,306,310,283,263,276,275,271,249,243,241,245,229,259,231,236,248,245,229,228,205,232,208,2405,4065,5376,5804,5485,4530,3321,2137.0,1250.0,574.0,321.0,107.0,31.0,7.0,1.0,1.0,0.0
500002,chronicled_wish,44418,41286,38809,36628,34187,32264,30528,28942,288118,219381,904,882,879,865,800,793,810,730,757,723,727,712,744,661,712,640,630,693,662,596,630,595,586,559,619,573,607,571,573,506,549,548,609,522,498,513,541,490,514,482,457,469,447,456,519,482,455,461,447,470,412,427,423,435,456,424,424,423,417,361,421,401,395,389,421,408,420,409,406,395,409,392,399,3371,5897,7663,8015,7688,6308,4581,2976.0,1765.0,975.0,420.0,147.0,53.0,18.0,7.0,4.0,4.0
